zone_id,energy,aqi,heat_island
1.0,1716.7500000000002,243.98293919999998,0.5349999999999999
2.0,1965.488,208.79439,0.49000000000000005
3.0,1426.8100000000002,237.96605,0.5
4.0,2200.4375,215.95392,0.49999999999999994
5.0,1672.6050000000002,262.22976,0.525
